Date,Time,IP,Method,URL,Status
10-02-2025,02:58:26,195.35.77.68,GET,/profile,403
01-02-2025,19:28:43,118.248.126.255,POST,/admin,200
2025/02/22,14:40:17,32.113.47.101,DELETE,/dashboard,200
2025/02/12,01:12:21,114.50.46.108,DELETE,/admin,200
23-02-2025,13:33:25,19.189.31.167,GET,/profile,200
09-02-2025,16:58:51,44.59.125.145,POST,/dashboard,200
2025/02/21,06:52:00,134.11.234.50,PUT,/login,200
18-02-2025,01:04:46,96.78.172.61,GET,/user/123,200
01-03-2025,16:13:54,82.44.242.237,GET,/settings,200
2025/02/21,21:32:58,100.52.183.80,GET,/admin,200
10-02-2025,14:32:53,93.6.101.174,GET,/dashboard,200
10-02-2025,14:20:59,142.198.30.108,GET,/admin,200
28-02-2025,22:33:27,59.128.63.42,GET,/dashboard,200
2025/02/17,18:35:22,119.161.29.143,PUT,/settings,404
2025/02/25,15:37:01,105.184.172.137,POST,/settings,200
2025/02/01,22:27:45,36.58.70.191,POST,/admin,200
2025/02/25,21:44:30,147.39.26.107,GET,/settings,200
2025/02/20,16:38:38,56.172.41.118,POST,/index.html,200
2025/02/10,20:12:26,26.206.106.3,POST,/index.html,200
06-02-2025,14:59:16,58.21.143.84,GET,/settings,403
28-02-2025,15:33:18,25.134.71.66,GET,/dashboard,500
2025/02/15,10:13:17,189.146.188.35,POST,/settings,200
2025/02/12,19:35:39,55.167.195.21,POST,/user/123,200
26-02-2025,08:18:18,23.147.105.68,POST,/dashboard,500
09-02-2025,07:47:01,42.241.164.124,POST,/profile,200
08-02-2025,16:21:11,67.182.78.243,POST,/admin,200
2025/02/05,18:07:21,93.110.122.127,POST,/index.html,200
2025/02/01,07:43:45,170.18.0.33,GET,/profile,200
2025/02/14,18:23:19,81.40.73.79,DELETE,/settings,200
2025/02/20,03:04:33,76.67.185.95,PUT,/settings,500
30-01-2025,08:30:15,60.24.243.228,GET,/user/123,200
2025/03/01,14:42:32,91.251.240.34,POST,/profile,200
2025/02/01,10:12:21,52.42.51.176,GET,/index.html,200
2025/03/01,05:38:45,127.233.234.250,POST,/profile,200
2025/02/05,18:38:31,23.80.116.177,PUT,/index.html,200
2025/02/23,23:25:07,174.105.163.48,GET,/settings,200
2025/02/15,22:45:42,15.97.45.139,DELETE,/login,200
2025/02/13,01:07:41,38.246.91.124,GET,/profile,200
Date,Time,IP,Method,URL,Status
17-02-2025,00:16:52,31.100.187.202,GET,/settings,404
2025/02/17,16:53:11,161.96.254.54,GET,/index.html,200
14-02-2025,06:18:36,89.233.252.226,PUT,/login,200
2025/02/14,05:00:41,75.104.40.138,GET,/dashboard,200
2025/02/23,22:14:31,21.21.211.71,POST,/dashboard,404
2025/02/15,08:23:07,17.92.187.217,GET,/admin,200
2025/02/25,21:07:01,150.5.71.250,POST,/user/123,200
2025/02/12,23:14:32,54.59.29.189,POST,/user/123,200
26-02-2025,15:32:00,195.100.62.141,GET,/index.html,200
01-02-2025,01:24:00,67.56.53.60,DELETE,/login,200
2025/02/21,01:36:33,199.254.203.38,DELETE,/settings,200
31-01-2025,08:31:41,116.73.189.61,POST,/admin,200
2025/02/21,15:47:57,89.127.221.158,POST,/dashboard,200
22-02-2025,23:02:07,177.122.20.175,GET,/login,404
2025/02/02,00:10:01,45.135.30.88,POST,/user/123,200
2025/02/17,22:17:32,112.44.169.42,GET,/settings,403
2025/02/28,21:10:23,91.15.246.189,GET,/admin,200
17-02-2025,20:14:57,148.108.0.6,POST,/user/123,200
2025/02/22,08:25:42,133.110.248.162,GET,/login,200
18-02-2025,20:30:40,33.112.123.22,GET,/index.html,200
13-02-2025,06:39:09,42.34.52.139,GET,/profile,200
2025/02/02,13:13:54,56.107.245.100,GET,/index.html,200
14-02-2025,14:53:49,123.197.223.213,GET,/settings,403
2025/02/17,22:18:25,67.32.149.61,GET,/index.html,500
31-01-2025,13:52:57,35.70.168.192,GET,/profile,200
06-02-2025,15:11:51,64.0.10.111,DELETE,/settings,200
31-01-2025,23:07:21,134.120.196.138,POST,/profile,200
10-02-2025,22:40:51,76.113.80.238,PUT,/user/123,200